name;email;username
Delores Kennagh;dkennagh0@joomla.org;dkennagh0
Jeni Arnely;jarnely1@amazon.co.uk;jarnely1
Othella Pitkeathly;opitkeathly2@time.com;opitkeathly2
Rivkah Downe;rdowne3@usa.gov;rdowne3
Randal Caunt;rcaunt4@google.pl;rcaunt4
Brigitta Blondell;bblondell5@netscape.com;bblondell5
Marnia Valde;mvalde6@dailymail.co.uk;mvalde6
Jeane Sandcraft;jsandcraft7@time.com;jsandcraft7
Lewie Swanborough;lswanborough8@desdev.cn;lswanborough8
Luciana Punshon;lpunshon9@ucoz.ru;lpunshon9
Arman Nutting;anuttinga@free.fr;anuttinga
Loren Feehily;lfeehilyb@wsj.com;lfeehilyb
Betteanne Aveyard;baveyardc@google.nl;baveyardc
Foss Dulany;fdulanyd@shop-pro.jp;fdulanyd
Donall Bazoge;dbazogee@nature.com;dbazogee
Jacobo Doody;jdoodyf@wsj.com;jdoodyf
Milicent Pashe;mpasheg@storify.com;mpasheg
Lenci Royds;lroydsh@foxnews.com;lroydsh
Ellyn Thackwray;ethackwrayi@amazon.de;ethackwrayi
Tristan Cuseick;tcuseickj@google.co.uk;tcuseickj
Janek McTerry;jmcterryk@bluehost.com;jmcterryk
Mavis Wessel;mwessell@wikipedia.org;mwessell
Leeland Haston;lhastonm@merriam-webster.com;lhastonm
Simona De Cleyne;sden@slashdot.org;sden
Nate Feltham;nfelthamo@linkedin.com;nfelthamo
Hagen Treven;htrevenp@xinhuanet.com;htrevenp
Ikey Malley;imalleyq@psu.edu;imalleyq
Malinde Coggin;mcogginr@phpbb.com;mcogginr
Galvan Blanden;gblandens@storify.com;gblandens
Yetta Luttgert;yluttgertt@army.mil;yluttgertt
Berkly Duckitt;bduckittu@sciencedaily.com;bduckittu
Rawley Sibery;rsiberyv@reuters.com;rsiberyv
Derwin Toombes;dtoombesw@webmd.com;dtoombesw
Carol Kruger;ckrugerx@csmonitor.com;ckrugerx
Henryetta Beal;hbealy@epa.gov;hbealy
Elita Kubes;ekubesz@aboutads.info;ekubesz
Perkin Humm;phumm10@nps.gov;phumm10
Kleon Cozzi;kcozzi11@blogtalkradio.com;kcozzi11
Ruthi Marcu;rmarcu12@webnode.com;rmarcu12
Lucilia Meighan;lmeighan13@vinaora.com;lmeighan13
Cal Gerrit;cgerrit14@phpbb.com;cgerrit14
Griswold Pury;gpury15@wikispaces.com;gpury15
Merill Fawke;mfawke16@wordpress.com;mfawke16
Adelina O'Canavan;aocanavan17@ihg.com;aocanavan17
Faith Linnitt;flinnitt18@kickstarter.com;flinnitt18
Nicolette Summerfield;nsummerfield19@tumblr.com;nsummerfield19
Luelle Ivashintsov;livashintsov1a@squidoo.com;livashintsov1a
Nickolas Baress;nbaress1b@freewebs.com;nbaress1b
Annabell Hillburn;ahillburn1c@storify.com;ahillburn1c
Christopher Perring;cperring1d@mozilla.org;cperring1d
